use wmsfinalldb;
-- 거래처 데이터 
INSERT INTO Partner (partner_name, business_number, address)
VALUES ('Nike', '123-45-67890', '서울시 강남구'),
       ('Adidas', '223-45-67890', '서울시 서초구'),
       ('Puma', '323-45-67890', '서울시 마포구'),
       ('Under armour', '423-45-67890', '서울시 성동구'),
       ('New Balance', '523-45-67890', '서울시 동대문구'),
       ('Asics', '623-45-67890', '서울시 종로구'),
       ('lululemon', '723-45-67890', '서울시 강서구'),
       ('Descente', '823-45-67890', '서울시 용산구'),
       ('Skechers', '923-45-67890', '서울시 광진구'),
       ('Spyder', '103-45-67890', '서울시 중구');
-- 3. Member (20건)
INSERT INTO Member (member_login_id, member_pw, member_name, member_phone, member_email, partner_id)
VALUES ('user01', 'pw01', '홍길동', '010-0000-0001', 'user01@example.com', 1),
       ('user02', 'pw02', '김철수', '010-0000-0002', 'user02@example.com', 1),
       ('user03', 'pw03', '이영희', '010-0000-0003', 'user03@example.com', 2),
       ('user04', 'pw04', '박민수', '010-0000-0004', 'user04@example.com', 2),
       ('user05', 'pw05', '최수지', '010-0000-0005', 'user05@example.com', 3),
       ('user06', 'pw06', '서장훈', '010-0000-0006', 'user06@example.com', 3),
       ('user07', 'pw07', '이강민', '010-0000-0007', 'user07@example.com', 4),
       ('user08', 'pw08', '오세훈', '010-0000-0008', 'user08@example.com', 4),
       ('user09', 'pw09', '한지민', '010-0000-0009', 'user09@example.com', 5),
       ('user10', 'pw10', '카리나', '010-0000-0010', 'user10@example.com', 5),
       ('user11', 'pw11', '장동민', '010-0000-0011', 'user11@example.com', 6),
       ('user12', 'pw12', '김둘리', '010-0000-0012', 'user12@example.com', 6),
       ('user13', 'pw13', '양현종', '010-0000-0013', 'user13@example.com', 7),
       ('user14', 'pw14', '서건창', '010-0000-0014', 'user14@example.com', 7),
       ('user15', 'pw15', '김원훈', '010-0000-0015', 'user15@example.com', 8),
       ('user16', 'pw16', '한동훈', '010-0000-0016', 'user16@example.com', 8),
       ('user17', 'pw17', '이재명', '010-0000-0017', 'user17@example.com', 9),
       ('user18', 'pw18', '김정은', '010-0000-0018', 'user18@example.com', 9),
       ('user19', 'pw19', '시진핑', '010-0000-0019', 'user19@example.com', 10),
       ('user20', 'pw20', '김선빈', '010-0000-0020', 'user20@example.com', 10);

-- 4. Staff (10건)
INSERT INTO Staff (staff_pw, staff_name, staff_phone, staff_email, staff_login_id)
VALUES ('pw101', '김관리', '010-1000-0001', 'staff01@example.com', 'staff01'),
       ('pw102', '이관리', '010-1000-0002', 'staff02@example.com', 'staff02'),
       ('pw103', '박관리', '010-1000-0003', 'staff03@example.com', 'staff03'),
       ('pw104', '최관리', '010-1000-0004', 'staff04@example.com', 'staff04'),
       ('pw105', '정관리', '010-1000-0005', 'staff05@example.com', 'staff05'),
       ('pw106', '강관리', '010-1000-0006', 'staff06@example.com', 'staff06'),
       ('pw107', '윤관리', '010-1000-0007', 'staff07@example.com', 'staff07'),
       ('pw108', '오관리', '010-1000-0008', 'staff08@example.com', 'staff08'),
       ('pw109', '한관리', '010-1000-0009', 'staff09@example.com', 'staff09'),
       ('pw110', '서관리', '010-1000-0010', 'staff10@example.com', 'staff10');
-- 카테고리 데이터
INSERT INTO category (category_name)
VALUES ('아우터'),
       ('상의'),
       ('하의'),
       ('신발'),
       ('기타');
-- 창고 데이터
INSERT INTO WAREHOUSE (admin_id, name, warehouse_type, warehouse_capacity, warehouse_status, registration_date,
                       latest_update_date, address, latitude, longitude)
VALUES (1, '나이키 창고', '허브', 50000, 1, '2025-11-10', '2025-11-13 14:30:00', '서울 중구 을지로 12', 37.565805, 126.983050),
       (2, '아디다스 창고', '창고', 15000, 2, '2025-11-11', '2025-11-13 10:15:00', '경기 수원시 영통구 광교중앙로 145', 37.291708,
        127.053738),
       (3, '푸마 창고', '창고', 12000, 1, '2025-11-12', '2025-11-13 09:00:00', '부산 해운대구 센텀남대로 35', 35.168782, 129.132800),
       (4, '언더아머 창고', '창고', 18000, 2, '2025-11-10', '2025-11-13 11:45:00', '대구 중구 동성로3길 100', 35.870305, 128.592750),
       (5, '뉴발란스 창고', '창고', 25000, 1, '2025-11-13', '2025-11-13 15:20:00', '인천 연수구 송도국제대로 123', 37.380720, 126.658250),
       (6, '아식스 창고', '창고', 10000, 2, '2025-11-11', '2025-11-13 08:30:00', '광주 서구 무진대로 902', 35.157000, 126.856000),
       (7, '룰루레몬 창고', '창고', 8000, 1, '2025-11-12', '2025-11-13 13:55:00', '대전 서구 둔산로 100', 36.353315, 127.387530),
       (8, '데상트 창고', '창고', 13000, 2, '2025-11-10', '2025-11-13 12:10:00', '울산 남구 삼산로 288', 35.535070, 129.340010),
       (9, '스케쳐스 창고', '창고', 9000, 1, '2025-11-13', '2025-11-13 16:40:00', '제주 제주시 칠성로길 44', 33.515000, 126.525500),
       (10, '스파이더 창고', '창고', 20000, 2, '2025-11-12', '2025-11-13 17:00:00', '강원 춘천시 퇴계로 71', 37.868000, 127.734000);
-- 섹션 데이터
INSERT INTO Section (warehouse_id, section_name, section_type, section_purpose, allocated_area)
VALUES (1, '나이키 보관구역', 'A', '보관', 3500),
       (2, '아디다스 검수구역', 'B', '검수', 1200),
       (3, '푸마 보관구역', 'C', '보관', 2800),
       (4, '언더아머 검수구역', 'D', '검수', 1500),
       (5, '뉴발란스 보관구역', 'A', '보관', 4100),
       (6, '아식스 검수구역', 'B', '검수', 900),
       (7, '룰루레몬 보관구역', 'C', '보관', 2100),
       (8, '데상트 검수구역', 'D', '검수', 1300),
       (9, '스케쳐스 보관구역', 'A', '보관', 3000),
       (10, '스파이더 검수구역', 'B', '검수', 1800);


